﻿<?xml version="1.0" encoding="utf-8"?>
<CustomDevice xmlns:xsi="http://www.w3.org/2001/XMLSchema-instance" xsi:noNamespaceSchemaLocation="Custom Device.xsd">
	<XSDVersion Major="2010" Minor="0" Fix="0" Build="0" />
	<AddMenu>
		<eng>Group Switching</eng>
		<loc>Group Switching</loc>
	</AddMenu>
	<Version>2.1.0</Version>
	<Type>Inline Model Interface</Type>
	<MaxOccurrence>1</MaxOccurrence>
	<MainPageGUID>f3c307bc-0548-43c1-9e06-efcfaa339455</MainPageGUID>
	<InitializationVI>
		<Type>Action</Type>
		<Item2Launch>
			<Type>To Common Doc Dir</Type>
			<Path>Custom Devices\Group Switching\Group Switching Configuration.llb\Initialization VI.vi</Path>
		</Item2Launch>
	</InitializationVI>
	<CustomDeviceVI>
		<SourceDistribution>
			<Source>
				<SupportedTarget>Windows</SupportedTarget>
				<Source>
					<Type>To Common Doc Dir</Type>
					<Path>Custom Devices\Group Switching\Windows\Group Switching Engine Windows.llb\RT Driver VI.vi</Path>
				</Source>
				<RealTimeSystemDestination>c:\ni-rt\VeriStand\Custom Devices\Group Switching\Group Switching Engine Windows.llb\RT Driver VI.vi</RealTimeSystemDestination>
			</Source>
			<Source>
				<SupportedTarget>Pharlap</SupportedTarget>
				<Source>
					<Type>To Common Doc Dir</Type>
					<Path>Custom Devices\Group Switching\PharLap\Group Switching Engine Pharlap.llb\RT Driver VI.vi</Path>
				</Source>
				<RealTimeSystemDestination>c:\ni-rt\VeriStand\Custom Devices\Group Switching\Group Switching Engine Pharlap.llb\RT Driver VI.vi</RealTimeSystemDestination>
			</Source>
			<Source>
				<SupportedTarget>VxWorks</SupportedTarget>
				<Source>
					<Type>To Common Doc Dir</Type>
					<Path>Custom Devices\Group Switching\VxWorks\Group Switching Engine VxWorks.llb\RT Driver VI.vi</Path>
				</Source>
				<RealTimeSystemDestination>c:\ni-rt\VeriStand\Custom Devices\Group Switching\Group Switching Engine VxWorks.llb\RT Driver VI.vi</RealTimeSystemDestination>
			</Source>
			<Source>
				<SupportedTarget>Linux_32_ARM</SupportedTarget>
				<Source>
					<Type>To Common Doc Dir</Type>
					<Path>Custom Devices\Group Switching\Linux_32_ARM\Group Switching Engine LinuxARM.llb\RT Driver VI.vi</Path>
				</Source>
				<RealTimeSystemDestination>c:\ni-rt\VeriStand\Custom Devices\Group Switching\Group Switching Engine LinuxARM.llb\RT Driver VI.vi</RealTimeSystemDestination>
			</Source>
			<Source>
				<SupportedTarget>Linux_x64</SupportedTarget>
				<Source>
					<Type>To Common Doc Dir</Type>
					<Path>Custom Devices\Group Switching\Linux_x64\Group Switching Engine Linux64.llb\RT Driver VI.vi</Path>
				</Source>
				<RealTimeSystemDestination>c:\ni-rt\VeriStand\Custom Devices\Group Switching\Group Switching Engine Linux64.llb\RT Driver VI.vi</RealTimeSystemDestination>
			</Source>
		</SourceDistribution>
	</CustomDeviceVI>
	<Dependencies />
	<Pages>
		<Page>
			<Name>
				<eng>Group Switching</eng>
				<loc>Group Switching</loc>
			</Name>
			<GUID>f3c307bc-0548-43c1-9e06-efcfaa339455</GUID>
			<Glyph>
				<Type>To Application Data Dir</Type>
				<Path>System Explorer\Glyphs\dependencies.png</Path>
			</Glyph>
			<Item2Launch>
				<Type>To Common Doc Dir</Type>
				<Path>Custom Devices\Group Switching\Group Switching Configuration.llb\Main Page.vi</Path>
			</Item2Launch>
			<ActionVIOnDelete>
				<Type>To Common Doc Dir</Type>
				<Path>Custom Devices\Group Switching\Group Switching Configuration.llb\ActionVIOnDelete.vi</Path>
			</ActionVIOnDelete>
			<ActionVIOnLoad>
				<Type>To Common Doc Dir</Type>
				<Path>Custom Devices\Group Switching\Group Switching Configuration.llb\ActionVIOnLoad.vi</Path>
			</ActionVIOnLoad>
			<ActionVIOnCompile>
				<Type>To Common Doc Dir</Type>
				<Path>Custom Devices\Group Switching\Group Switching Configuration.llb\ActionVIOnCompile.vi</Path>
			</ActionVIOnCompile>
		</Page>
		<Page>
			<Name>
				<eng>Group Section</eng>
				<loc>Group Section</loc>
			</Name>
			<DeleteProtection>true</DeleteProtection>
			<ExcludeFromAlphabeticalOrder>true</ExcludeFromAlphabeticalOrder>
			<GUID>5de0b4e8-ca74-4737-95e5-acab90c3917e</GUID>
			<Glyph>
				<Type>To Application Data Dir</Type>
				<Path>System Explorer\Glyphs\ChnGroup.png</Path>
			</Glyph>
			<Item2Launch>
				<Type>To Common Doc Dir</Type>
				<Path>Custom Devices\Group Switching\Group Switching Configuration.llb\Group Section Page.vi</Path>
			</Item2Launch>
		</Page>
		<Page>
			<Name>
				<eng>Channels Section</eng>
				<loc>Channels Section</loc>
			</Name>
			<DeleteProtection>true</DeleteProtection>
			<ExcludeFromAlphabeticalOrder>true</ExcludeFromAlphabeticalOrder>
			<GUID>17e3f64e-5ddd-4932-bdbd-65e91ed85560</GUID>
			<Glyph>
				<Type>To Application Data Dir</Type>
				<Path>System Explorer\Glyphs\default fpga category.png</Path>
			</Glyph>
			<Item2Launch>
				<Type>To Common Doc Dir</Type>
				<Path>Custom Devices\Group Switching\Group Switching Configuration.llb\Channel Section Page.vi</Path>
			</Item2Launch>
		</Page>
		<Page>
			<Name>
				<eng>Channel Page</eng>
				<loc>Channel Page</loc>
			</Name>
			<DeleteProtection>true</DeleteProtection>
			<ExcludeFromAlphabeticalOrder>true</ExcludeFromAlphabeticalOrder>
			<GUID>9af757c2-f75d-435e-bed3-65abe537fe69</GUID>
			<Glyph>
				<Type>To Application Data Dir</Type>
				<Path>System Explorer\Glyphs\default fpga channel.png</Path>
			</Glyph>
			<Item2Launch>
				<Type>To Common Doc Dir</Type>
				<Path>Custom Devices\Group Switching\Group Switching Configuration.llb\Channel Page.vi</Path>
			</Item2Launch>
		</Page>
		<Page>
			<Name>
				<eng>Group Switch Page</eng>
				<loc>Group Switch Page</loc>
			</Name>
			<DeleteProtection>true</DeleteProtection>
			<ExcludeFromAlphabeticalOrder>true</ExcludeFromAlphabeticalOrder>
			<GUID>b27df258-a44d-451a-8b20-6a87350c4861</GUID>
			<Glyph>
				<Type>To Application Data Dir</Type>
				<Path>System Explorer\Glyphs\default fpga channel.png</Path>
			</Glyph>
			<Item2Launch>
				<Type>To Common Doc Dir</Type>
				<Path>Custom Devices\Group Switching\Group Switching Configuration.llb\Group Switch Page.vi</Path>
			</Item2Launch>
		</Page>
		<Page>
			<Name>
				<eng>Group Lock Page</eng>
				<loc>Group Lock Page</loc>
			</Name>
			<DeleteProtection>true</DeleteProtection>
			<ExcludeFromAlphabeticalOrder>true</ExcludeFromAlphabeticalOrder>
			<GUID>52626b1d-dac3-4505-838b-57c30c7b2698</GUID>
			<Glyph>
				<Type>To Application Data Dir</Type>
				<Path>System Explorer\Glyphs\default fpga channel.png</Path>
			</Glyph>
			<Item2Launch>
				<Type>To Common Doc Dir</Type>
				<Path>Custom Devices\Group Switching\Group Switching Configuration.llb\Group Lock Page.vi</Path>
			</Item2Launch>
		</Page>
	</Pages>
	<CustomXML>
		<Dummy></Dummy>
	</CustomXML>
</CustomDevice>